customer_id,signup_month,month_offset,active_flag,subscription_revenue_usd
C0001,2024-02,0,1,99.81
C0001,2024-02,1,1,111.59
C0001,2024-02,2,1,101.55
C0001,2024-02,3,1,110.94
C0001,2024-02,4,1,114.35
C0001,2024-02,5,0,0.00
C0002,2024-04,0,1,120.42
C0002,2024-04,1,1,104.71
C0002,2024-04,2,1,124.56
C0002,2024-04,3,0,0.00
C0002,2024-04,4,1,141.11
C0002,2024-04,5,1,141.57
C0003,2024-02,0,1,150.94
C0003,2024-02,1,1,197.98
C0003,2024-02,2,1,162.23
C0003,2024-02,3,1,172.06
C0003,2024-02,4,1,187.80
C0003,2024-02,5,0,0.00
C0004,2024-01,0,1,151.92
C0004,2024-01,1,1,133.15
C0004,2024-01,2,1,148.14
C0004,2024-01,3,0,0.00
C0004,2024-01,4,1,167.88
C0004,2024-01,5,0,0.00
C0005,2024-03,0,1,184.09
C0005,2024-03,1,1,168.95
C0005,2024-03,2,0,0.00
C0005,2024-03,3,1,189.10
C0005,2024-03,4,1,188.07
C0005,2024-03,5,1,189.73
C0006,2024-04,0,1,190.59
C0006,2024-04,1,1,199.02
C0006,2024-04,2,1,201.85
C0006,2024-04,3,0,0.00
C0006,2024-04,4,1,154.70
C0006,2024-04,5,1,177.69
C0007,2024-03,0,1,125.01
C0007,2024-03,1,1,137.54
C0007,2024-03,2,1,135.15
C0007,2024-03,3,0,0.00
C0007,2024-03,4,1,133.69
C0007,2024-03,5,0,0.00
C0008,2024-03,0,1,157.33
C0008,2024-03,1,1,123.19
C0008,2024-03,2,1,109.35
C0008,2024-03,3,1,113.15
C0008,2024-03,4,1,132.52
C0008,2024-03,5,0,0.00
C0009,2024-03,0,1,189.25
C0009,2024-03,1,1,208.57
C0009,2024-03,2,1,197.22
C0009,2024-03,3,0,0.00
C0009,2024-03,4,0,0.00
C0009,2024-03,5,1,213.19
C0010,2024-05,0,1,119.75
C0010,2024-05,1,1,151.75
C0010,2024-05,2,1,146.96
C0010,2024-05,3,1,143.56
C0010,2024-05,4,0,0.00
C0010,2024-05,5,0,0.00
C0011,2024-05,0,1,133.72
C0011,2024-05,1,1,146.04
C0011,2024-05,2,1,116.38
C0011,2024-05,3,1,152.22
C0011,2024-05,4,0,0.00
C0011,2024-05,5,1,131.97
C0012,2024-05,0,1,159.75
C0012,2024-05,1,1,150.16
C0012,2024-05,2,0,0.00
C0012,2024-05,3,0,0.00
C0012,2024-05,4,1,135.31
C0012,2024-05,5,1,168.66
C0013,2024-01,0,1,112.53
C0013,2024-01,1,1,94.90
C0013,2024-01,2,0,0.00
C0013,2024-01,3,1,108.23
C0013,2024-01,4,0,0.00
C0013,2024-01,5,1,79.01
C0014,2024-05,0,1,174.88
C0014,2024-05,1,1,149.59
C0014,2024-05,2,1,180.40
C0014,2024-05,3,1,126.51
C0014,2024-05,4,0,0.00
C0014,2024-05,5,1,154.92
C0015,2024-04,0,1,163.96
C0015,2024-04,1,1,169.19
C0015,2024-04,2,0,0.00
C0015,2024-04,3,1,156.93
C0015,2024-04,4,0,0.00
C0015,2024-04,5,1,182.34
C0016,2024-01,0,1,176.98
C0016,2024-01,1,1,192.26
C0016,2024-01,2,1,223.48
C0016,2024-01,3,1,186.23
C0016,2024-01,4,0,0.00
C0016,2024-01,5,0,0.00
C0017,2024-03,0,1,177.32
C0017,2024-03,1,1,184.50
C0017,2024-03,2,1,165.40
C0017,2024-03,3,0,0.00
C0017,2024-03,4,0,0.00
C0017,2024-03,5,1,170.73
C0018,2024-04,0,1,184.49
C0018,2024-04,1,1,183.75
C0018,2024-04,2,0,0.00
C0018,2024-04,3,1,248.96
C0018,2024-04,4,1,173.65
C0018,2024-04,5,1,206.82
C0019,2024-05,0,1,175.65
C0019,2024-05,1,1,203.49
C0019,2024-05,2,1,226.06
C0019,2024-05,3,1,199.71
C0019,2024-05,4,0,0.00
C0019,2024-05,5,0,0.00
C0020,2024-03,0,1,96.48
C0020,2024-03,1,1,100.15
C0020,2024-03,2,1,78.14
C0020,2024-03,3,1,89.17
C0020,2024-03,4,1,96.62
C0020,2024-03,5,0,0.00
C0021,2024-01,0,1,97.18
C0021,2024-01,1,0,0.00
C0021,2024-01,2,1,117.86
C0021,2024-01,3,1,85.49
C0021,2024-01,4,0,0.00
C0021,2024-01,5,0,0.00
C0022,2024-05,0,1,177.82
C0022,2024-05,1,1,166.33
C0022,2024-05,2,1,202.85
C0022,2024-05,3,1,177.19
C0022,2024-05,4,1,142.11
C0022,2024-05,5,0,0.00
C0023,2024-05,0,1,152.33
C0023,2024-05,1,1,122.76
C0023,2024-05,2,1,130.20
C0023,2024-05,3,1,150.70
C0023,2024-05,4,1,116.48
C0023,2024-05,5,1,138.32
C0024,2024-05,0,1,174.26
C0024,2024-05,1,1,168.00
C0024,2024-05,2,0,0.00
C0024,2024-05,3,1,203.83
C0024,2024-05,4,0,0.00
C0024,2024-05,5,1,138.50
C0025,2024-05,0,1,211.68
C0025,2024-05,1,1,176.85
C0025,2024-05,2,1,192.12
C0025,2024-05,3,1,157.23
C0025,2024-05,4,1,216.55
C0025,2024-05,5,0,0.00
C0026,2024-03,0,1,123.37
C0026,2024-03,1,1,150.99
C0026,2024-03,2,1,165.56
C0026,2024-03,3,0,0.00
C0026,2024-03,4,0,0.00
C0026,2024-03,5,0,0.00
C0027,2024-04,0,1,74.33
C0027,2024-04,1,1,89.98
C0027,2024-04,2,1,95.97
C0027,2024-04,3,0,0.00
C0027,2024-04,4,0,0.00
C0027,2024-04,5,1,87.26
C0028,2024-05,0,1,167.98
C0028,2024-05,1,1,215.81
C0028,2024-05,2,1,182.93
C0028,2024-05,3,0,0.00
C0028,2024-05,4,1,192.12
C0028,2024-05,5,0,0.00
C0029,2024-01,0,1,94.26
C0029,2024-01,1,0,0.00
C0029,2024-01,2,1,108.33
C0029,2024-01,3,1,100.76
C0029,2024-01,4,1,110.93
C0029,2024-01,5,0,0.00
C0030,2024-03,0,1,151.31
C0030,2024-03,1,1,139.40
C0030,2024-03,2,1,133.61
C0030,2024-03,3,1,171.42
C0030,2024-03,4,0,0.00
C0030,2024-03,5,1,137.41
C0031,2024-02,0,1,149.82
C0031,2024-02,1,1,118.40
C0031,2024-02,2,1,156.78
C0031,2024-02,3,1,162.43
C0031,2024-02,4,1,113.37
C0031,2024-02,5,0,0.00
C0032,2024-03,0,1,175.00
C0032,2024-03,1,1,178.55
C0032,2024-03,2,1,169.74
C0032,2024-03,3,1,219.72
C0032,2024-03,4,1,156.75
C0032,2024-03,5,1,189.64
C0033,2024-02,0,1,193.04
C0033,2024-02,1,1,173.36
C0033,2024-02,2,1,182.09
C0033,2024-02,3,1,208.74
C0033,2024-02,4,1,161.07
C0033,2024-02,5,1,227.04
C0034,2024-02,0,1,203.43
C0034,2024-02,1,1,166.02
C0034,2024-02,2,0,0.00
C0034,2024-02,3,1,147.73
C0034,2024-02,4,1,194.11
C0034,2024-02,5,0,0.00
C0035,2024-03,0,1,104.95
C0035,2024-03,1,1,126.35
C0035,2024-03,2,0,0.00
C0035,2024-03,3,1,89.55
C0035,2024-03,4,1,94.43
C0035,2024-03,5,1,117.26
C0036,2024-05,0,1,204.11
C0036,2024-05,1,1,181.36
C0036,2024-05,2,1,175.56
C0036,2024-05,3,1,158.89
C0036,2024-05,4,0,0.00
C0036,2024-05,5,0,0.00
C0037,2024-01,0,1,117.65
C0037,2024-01,1,0,0.00
C0037,2024-01,2,1,140.81
C0037,2024-01,3,0,0.00
C0037,2024-01,4,0,0.00
C0037,2024-01,5,0,0.00
C0038,2024-02,0,1,175.84
C0038,2024-02,1,1,178.92
C0038,2024-02,2,1,155.71
C0038,2024-02,3,0,0.00
C0038,2024-02,4,1,176.52
C0038,2024-02,5,0,0.00
C0039,2024-03,0,1,127.81
C0039,2024-03,1,1,157.39
C0039,2024-03,2,1,199.30
C0039,2024-03,3,1,138.09
C0039,2024-03,4,1,154.20
C0039,2024-03,5,1,163.57
C0040,2024-04,0,1,190.45
C0040,2024-04,1,1,129.38
C0040,2024-04,2,0,0.00
C0040,2024-04,3,1,173.63
C0040,2024-04,4,0,0.00
C0040,2024-04,5,1,129.25
C0041,2024-04,0,1,114.79
C0041,2024-04,1,1,97.71
C0041,2024-04,2,1,88.21
C0041,2024-04,3,1,115.03
C0041,2024-04,4,0,0.00
C0041,2024-04,5,1,107.81
C0042,2024-02,0,1,174.38
C0042,2024-02,1,1,177.71
C0042,2024-02,2,0,0.00
C0042,2024-02,3,1,180.13
C0042,2024-02,4,1,172.17
C0042,2024-02,5,0,0.00
C0043,2024-05,0,1,124.45
C0043,2024-05,1,1,114.44
C0043,2024-05,2,1,123.34
C0043,2024-05,3,1,131.19
C0043,2024-05,4,1,119.09
C0043,2024-05,5,0,0.00
C0044,2024-03,0,1,113.13
C0044,2024-03,1,1,121.27
C0044,2024-03,2,1,125.54
C0044,2024-03,3,1,144.45
C0044,2024-03,4,0,0.00
C0044,2024-03,5,0,0.00
C0045,2024-03,0,1,153.15
C0045,2024-03,1,1,216.62
C0045,2024-03,2,0,0.00
C0045,2024-03,3,1,205.43
C0045,2024-03,4,1,180.95
C0045,2024-03,5,1,141.47
C0046,2024-05,0,1,131.38
C0046,2024-05,1,1,143.56
C0046,2024-05,2,1,106.86
C0046,2024-05,3,1,116.57
C0046,2024-05,4,1,114.32
C0046,2024-05,5,1,129.89
C0047,2024-03,0,1,99.80
C0047,2024-03,1,1,115.48
C0047,2024-03,2,1,101.51
C0047,2024-03,3,1,108.63
C0047,2024-03,4,0,0.00
C0047,2024-03,5,1,106.23
C0048,2024-01,0,1,166.85
C0048,2024-01,1,1,128.17
C0048,2024-01,2,1,155.61
C0048,2024-01,3,1,151.16
C0048,2024-01,4,1,179.72
C0048,2024-01,5,1,175.70
C0049,2024-05,0,1,177.13
C0049,2024-05,1,1,145.11
C0049,2024-05,2,1,152.43
C0049,2024-05,3,1,134.28
C0049,2024-05,4,1,135.29
C0049,2024-05,5,0,0.00
C0050,2024-04,0,1,100.96
C0050,2024-04,1,1,75.94
C0050,2024-04,2,1,113.99
C0050,2024-04,3,0,0.00
C0050,2024-04,4,1,113.31
C0050,2024-04,5,1,94.62
C0051,2024-03,0,1,102.90
C0051,2024-03,1,1,91.27
C0051,2024-03,2,1,115.88
C0051,2024-03,3,1,100.60
C0051,2024-03,4,1,96.43
C0051,2024-03,5,1,117.64
C0052,2024-05,0,1,170.70
C0052,2024-05,1,1,186.22
C0052,2024-05,2,1,192.85
C0052,2024-05,3,1,159.74
C0052,2024-05,4,0,0.00
C0052,2024-05,5,0,0.00
C0053,2024-04,0,1,83.65
C0053,2024-04,1,1,85.29
C0053,2024-04,2,1,72.42
C0053,2024-04,3,0,0.00
C0053,2024-04,4,1,90.31
C0053,2024-04,5,1,65.80
C0054,2024-01,0,1,130.52
C0054,2024-01,1,0,0.00
C0054,2024-01,2,1,136.07
C0054,2024-01,3,1,102.28
C0054,2024-01,4,1,123.79
C0054,2024-01,5,1,129.81
C0055,2024-02,0,1,177.47
C0055,2024-02,1,1,153.33
C0055,2024-02,2,1,163.96
C0055,2024-02,3,1,145.59
C0055,2024-02,4,1,166.44
C0055,2024-02,5,1,174.46
C0056,2024-01,0,1,190.06
C0056,2024-01,1,1,140.38
C0056,2024-01,2,1,180.22
C0056,2024-01,3,1,167.93
C0056,2024-01,4,0,0.00
C0056,2024-01,5,0,0.00
C0057,2024-04,0,1,165.40
C0057,2024-04,1,1,127.59
C0057,2024-04,2,1,164.78
C0057,2024-04,3,0,0.00
C0057,2024-04,4,1,122.44
C0057,2024-04,5,0,0.00
C0058,2024-01,0,1,187.31
C0058,2024-01,1,1,162.42
C0058,2024-01,2,1,203.61
C0058,2024-01,3,1,167.19
C0058,2024-01,4,0,0.00
C0058,2024-01,5,1,160.47
C0059,2024-01,0,1,98.47
C0059,2024-01,1,1,168.11
C0059,2024-01,2,0,0.00
C0059,2024-01,3,1,152.66
C0059,2024-01,4,1,169.27
C0059,2024-01,5,1,167.41
C0060,2024-02,0,1,124.46
C0060,2024-02,1,1,97.80
C0060,2024-02,2,1,125.55
C0060,2024-02,3,1,101.04
C0060,2024-02,4,0,0.00
C0060,2024-02,5,0,0.00
C0061,2024-01,0,1,131.39
C0061,2024-01,1,1,152.80
C0061,2024-01,2,1,203.09
C0061,2024-01,3,1,179.92
C0061,2024-01,4,0,0.00
C0061,2024-01,5,0,0.00
C0062,2024-05,0,1,139.13
C0062,2024-05,1,1,128.94
C0062,2024-05,2,1,115.46
C0062,2024-05,3,0,0.00
C0062,2024-05,4,1,82.39
C0062,2024-05,5,1,110.89
C0063,2024-05,0,1,105.19
C0063,2024-05,1,1,120.16
C0063,2024-05,2,1,106.90
C0063,2024-05,3,1,106.17
C0063,2024-05,4,0,0.00
C0063,2024-05,5,1,89.95
C0064,2024-04,0,1,176.42
C0064,2024-04,1,1,150.70
C0064,2024-04,2,1,125.94
C0064,2024-04,3,1,203.86
C0064,2024-04,4,1,199.35
C0064,2024-04,5,0,0.00
C0065,2024-03,0,1,140.27
C0065,2024-03,1,1,112.78
C0065,2024-03,2,1,143.87
C0065,2024-03,3,0,0.00
C0065,2024-03,4,1,140.28
C0065,2024-03,5,1,98.07
C0066,2024-01,0,1,151.31
C0066,2024-01,1,1,150.48
C0066,2024-01,2,1,112.70
C0066,2024-01,3,1,133.56
C0066,2024-01,4,0,0.00
C0066,2024-01,5,1,131.50
C0067,2024-03,0,1,189.27
C0067,2024-03,1,1,146.26
C0067,2024-03,2,1,156.84
C0067,2024-03,3,1,216.14
C0067,2024-03,4,1,161.76
C0067,2024-03,5,1,201.85
C0068,2024-03,0,1,129.75
C0068,2024-03,1,1,159.88
C0068,2024-03,2,1,146.71
C0068,2024-03,3,1,142.75
C0068,2024-03,4,0,0.00
C0068,2024-03,5,1,151.96
C0069,2024-03,0,1,110.80
C0069,2024-03,1,1,149.25
C0069,2024-03,2,1,123.41
C0069,2024-03,3,1,113.74
C0069,2024-03,4,1,128.46
C0069,2024-03,5,1,121.90
C0070,2024-05,0,1,138.13
C0070,2024-05,1,1,130.42
C0070,2024-05,2,1,134.26
C0070,2024-05,3,1,130.15
C0070,2024-05,4,1,147.12
C0070,2024-05,5,1,130.95
C0071,2024-05,0,1,114.76
C0071,2024-05,1,1,100.55
C0071,2024-05,2,0,0.00
C0071,2024-05,3,1,107.60
C0071,2024-05,4,0,0.00
C0071,2024-05,5,0,0.00
C0072,2024-03,0,1,193.40
C0072,2024-03,1,1,173.04
C0072,2024-03,2,0,0.00
C0072,2024-03,3,1,167.28
C0072,2024-03,4,0,0.00
C0072,2024-03,5,0,0.00
C0073,2024-05,0,1,144.50
C0073,2024-05,1,1,153.53
C0073,2024-05,2,1,186.95
C0073,2024-05,3,1,168.16
C0073,2024-05,4,1,166.94
C0073,2024-05,5,0,0.00
C0074,2024-03,0,1,105.13
C0074,2024-03,1,1,89.61
C0074,2024-03,2,1,108.63
C0074,2024-03,3,0,0.00
C0074,2024-03,4,1,105.24
C0074,2024-03,5,0,0.00
C0075,2024-04,0,1,133.99
C0075,2024-04,1,1,140.15
C0075,2024-04,2,1,128.44
C0075,2024-04,3,0,0.00
C0075,2024-04,4,0,0.00
C0075,2024-04,5,1,116.93
C0076,2024-05,0,1,104.99
C0076,2024-05,1,1,121.00
C0076,2024-05,2,1,101.11
C0076,2024-05,3,1,111.53
C0076,2024-05,4,0,0.00
C0076,2024-05,5,0,0.00
C0077,2024-05,0,1,112.34
C0077,2024-05,1,1,90.59
C0077,2024-05,2,1,83.16
C0077,2024-05,3,0,0.00
C0077,2024-05,4,1,116.68
C0077,2024-05,5,0,0.00
C0078,2024-03,0,1,118.62
C0078,2024-03,1,1,147.42
C0078,2024-03,2,1,173.73
C0078,2024-03,3,1,156.41
C0078,2024-03,4,1,174.18
C0078,2024-03,5,0,0.00
C0079,2024-01,0,1,140.86
C0079,2024-01,1,0,0.00
C0079,2024-01,2,1,148.98
C0079,2024-01,3,1,142.50
C0079,2024-01,4,0,0.00
C0079,2024-01,5,0,0.00
C0080,2024-01,0,1,199.19
C0080,2024-01,1,0,0.00
C0080,2024-01,2,0,0.00
C0080,2024-01,3,1,153.74
C0080,2024-01,4,0,0.00
C0080,2024-01,5,0,0.00
C0081,2024-02,0,1,78.05
C0081,2024-02,1,0,0.00
C0081,2024-02,2,1,88.83
C0081,2024-02,3,1,87.73
C0081,2024-02,4,1,90.09
C0081,2024-02,5,1,93.81
C0082,2024-05,0,1,88.85
C0082,2024-05,1,1,110.32
C0082,2024-05,2,1,117.77
C0082,2024-05,3,1,99.89
C0082,2024-05,4,1,112.99
C0082,2024-05,5,0,0.00
C0083,2024-02,0,1,95.05
C0083,2024-02,1,1,102.55
C0083,2024-02,2,0,0.00
C0083,2024-02,3,1,114.59
C0083,2024-02,4,0,0.00
C0083,2024-02,5,0,0.00
C0084,2024-01,0,1,188.84
C0084,2024-01,1,1,165.94
C0084,2024-01,2,0,0.00
C0084,2024-01,3,1,187.96
C0084,2024-01,4,0,0.00
C0084,2024-01,5,0,0.00
C0085,2024-01,0,1,81.65
C0085,2024-01,1,1,82.76
C0085,2024-01,2,1,77.03
C0085,2024-01,3,0,0.00
C0085,2024-01,4,1,98.65
C0085,2024-01,5,0,0.00
C0086,2024-03,0,1,98.31
C0086,2024-03,1,1,79.95
C0086,2024-03,2,1,124.62
C0086,2024-03,3,1,94.51
C0086,2024-03,4,1,121.31
C0086,2024-03,5,0,0.00
C0087,2024-02,0,1,161.94
C0087,2024-02,1,0,0.00
C0087,2024-02,2,1,150.90
C0087,2024-02,3,1,140.85
C0087,2024-02,4,0,0.00
C0087,2024-02,5,0,0.00
C0088,2024-04,0,1,160.79
C0088,2024-04,1,1,179.15
C0088,2024-04,2,0,0.00
C0088,2024-04,3,0,0.00
C0088,2024-04,4,0,0.00
C0088,2024-04,5,0,0.00
C0089,2024-03,0,1,171.28
C0089,2024-03,1,1,145.25
C0089,2024-03,2,0,0.00
C0089,2024-03,3,1,137.14
C0089,2024-03,4,0,0.00
C0089,2024-03,5,0,0.00
C0090,2024-04,0,1,73.62
C0090,2024-04,1,1,102.54
C0090,2024-04,2,1,124.27
C0090,2024-04,3,0,0.00
C0090,2024-04,4,1,105.43
C0090,2024-04,5,0,0.00
C0091,2024-04,0,1,139.54
C0091,2024-04,1,0,0.00
C0091,2024-04,2,1,128.94
C0091,2024-04,3,0,0.00
C0091,2024-04,4,0,0.00
C0091,2024-04,5,1,177.03
C0092,2024-05,0,1,154.86
C0092,2024-05,1,1,180.76
C0092,2024-05,2,1,141.35
C0092,2024-05,3,1,178.92
C0092,2024-05,4,1,173.84
C0092,2024-05,5,1,199.02
C0093,2024-03,0,1,126.84
C0093,2024-03,1,1,114.98
C0093,2024-03,2,1,115.59
C0093,2024-03,3,0,0.00
C0093,2024-03,4,1,112.29
C0093,2024-03,5,0,0.00
C0094,2024-01,0,1,112.69
C0094,2024-01,1,1,96.66
C0094,2024-01,2,1,85.08
C0094,2024-01,3,1,85.46
C0094,2024-01,4,1,90.43
C0094,2024-01,5,1,101.85
C0095,2024-03,0,1,80.82
C0095,2024-03,1,1,86.64
C0095,2024-03,2,1,80.54
C0095,2024-03,3,1,81.60
C0095,2024-03,4,1,108.42
C0095,2024-03,5,0,0.00
C0096,2024-04,0,1,128.38
C0096,2024-04,1,1,85.39
C0096,2024-04,2,1,131.10
C0096,2024-04,3,1,95.58
C0096,2024-04,4,0,0.00
C0096,2024-04,5,1,112.06
C0097,2024-03,0,1,180.91
C0097,2024-03,1,1,181.64
C0097,2024-03,2,1,155.31
C0097,2024-03,3,0,0.00
C0097,2024-03,4,0,0.00
C0097,2024-03,5,1,187.58
C0098,2024-04,0,1,96.32
C0098,2024-04,1,1,102.47
C0098,2024-04,2,0,0.00
C0098,2024-04,3,0,0.00
C0098,2024-04,4,0,0.00
C0098,2024-04,5,1,92.32
C0099,2024-03,0,1,144.65
C0099,2024-03,1,1,167.03
C0099,2024-03,2,1,164.39
C0099,2024-03,3,0,0.00
C0099,2024-03,4,1,143.72
C0099,2024-03,5,0,0.00
C0100,2024-03,0,0,0.00
C0100,2024-03,1,1,118.74
C0100,2024-03,2,1,105.18
C0100,2024-03,3,1,158.57
C0100,2024-03,4,1,146.67
C0100,2024-03,5,1,131.23
C0101,2024-04,0,1,115.90
C0101,2024-04,1,1,130.52
C0101,2024-04,2,1,109.35
C0101,2024-04,3,1,148.74
C0101,2024-04,4,0,0.00
C0101,2024-04,5,0,0.00
C0102,2024-02,0,1,103.57
C0102,2024-02,1,1,102.43
C0102,2024-02,2,1,95.66
C0102,2024-02,3,0,0.00
C0102,2024-02,4,1,98.18
C0102,2024-02,5,1,90.18
C0103,2024-01,0,1,138.26
C0103,2024-01,1,1,129.57
C0103,2024-01,2,0,0.00
C0103,2024-01,3,1,116.57
C0103,2024-01,4,1,157.03
C0103,2024-01,5,1,128.66
C0104,2024-01,0,1,109.34
C0104,2024-01,1,1,129.96
C0104,2024-01,2,1,120.50
C0104,2024-01,3,1,153.26
C0104,2024-01,4,0,0.00
C0104,2024-01,5,0,0.00
C0105,2024-01,0,1,197.99
C0105,2024-01,1,1,198.38
C0105,2024-01,2,1,178.74
C0105,2024-01,3,1,168.27
C0105,2024-01,4,1,220.60
C0105,2024-01,5,0,0.00
C0106,2024-02,0,1,149.06
C0106,2024-02,1,1,160.92
C0106,2024-02,2,0,0.00
C0106,2024-02,3,1,136.85
C0106,2024-02,4,1,122.84
C0106,2024-02,5,1,126.93
C0107,2024-05,0,1,135.32
C0107,2024-05,1,1,201.92
C0107,2024-05,2,1,224.35
C0107,2024-05,3,1,202.77
C0107,2024-05,4,0,0.00
C0107,2024-05,5,1,203.42
C0108,2024-04,0,1,99.03
C0108,2024-04,1,1,103.55
C0108,2024-04,2,1,84.01
C0108,2024-04,3,1,105.91
C0108,2024-04,4,0,0.00
C0108,2024-04,5,0,0.00
C0109,2024-01,0,1,179.82
C0109,2024-01,1,1,213.94
C0109,2024-01,2,1,186.81
C0109,2024-01,3,1,190.61
C0109,2024-01,4,0,0.00
C0109,2024-01,5,0,0.00
C0110,2024-04,0,1,117.98
C0110,2024-04,1,1,74.69
C0110,2024-04,2,1,119.65
C0110,2024-04,3,1,81.41
C0110,2024-04,4,1,119.25
C0110,2024-04,5,1,78.22
C0111,2024-03,0,1,151.29
C0111,2024-03,1,1,157.98
C0111,2024-03,2,0,0.00
C0111,2024-03,3,1,114.31
C0111,2024-03,4,1,115.03
C0111,2024-03,5,0,0.00
C0112,2024-02,0,1,120.87
C0112,2024-02,1,1,108.38
C0112,2024-02,2,1,111.21
C0112,2024-02,3,1,147.08
C0112,2024-02,4,0,0.00
C0112,2024-02,5,1,135.50
C0113,2024-04,0,1,102.58
C0113,2024-04,1,1,97.15
C0113,2024-04,2,1,83.02
C0113,2024-04,3,1,70.41
C0113,2024-04,4,0,0.00
C0113,2024-04,5,0,0.00
C0114,2024-05,0,1,110.17
C0114,2024-05,1,1,115.03
C0114,2024-05,2,0,0.00
C0114,2024-05,3,1,108.63
C0114,2024-05,4,1,122.72
C0114,2024-05,5,0,0.00
C0115,2024-02,0,1,95.89
C0115,2024-02,1,1,96.63
C0115,2024-02,2,1,125.63
C0115,2024-02,3,1,110.66
C0115,2024-02,4,1,81.02
C0115,2024-02,5,0,0.00
C0116,2024-03,0,1,95.26
C0116,2024-03,1,1,85.28
C0116,2024-03,2,1,81.91
C0116,2024-03,3,1,89.36
C0116,2024-03,4,1,87.23
C0116,2024-03,5,0,0.00
C0117,2024-02,0,1,143.47
C0117,2024-02,1,0,0.00
C0117,2024-02,2,1,147.70
C0117,2024-02,3,1,116.74
C0117,2024-02,4,1,112.54
C0117,2024-02,5,1,139.22
C0118,2024-01,0,1,146.64
C0118,2024-01,1,1,153.79
C0118,2024-01,2,0,0.00
C0118,2024-01,3,0,0.00
C0118,2024-01,4,0,0.00
C0118,2024-01,5,0,0.00
C0119,2024-03,0,1,113.03
C0119,2024-03,1,1,77.45
C0119,2024-03,2,0,0.00
C0119,2024-03,3,1,89.41
C0119,2024-03,4,0,0.00
C0119,2024-03,5,0,0.00
C0120,2024-01,0,1,167.32
C0120,2024-01,1,1,178.96
C0120,2024-01,2,0,0.00
C0120,2024-01,3,0,0.00
C0120,2024-01,4,1,232.34
C0120,2024-01,5,0,0.00
C0121,2024-03,0,1,162.71
C0121,2024-03,1,1,154.44
C0121,2024-03,2,1,157.19
C0121,2024-03,3,0,0.00
C0121,2024-03,4,1,151.46
C0121,2024-03,5,0,0.00
C0122,2024-04,0,1,221.28
C0122,2024-04,1,1,160.42
C0122,2024-04,2,1,198.65
C0122,2024-04,3,1,177.84
C0122,2024-04,4,1,235.91
C0122,2024-04,5,0,0.00
C0123,2024-02,0,1,135.23
C0123,2024-02,1,0,0.00
C0123,2024-02,2,0,0.00
C0123,2024-02,3,0,0.00
C0123,2024-02,4,1,163.92
C0123,2024-02,5,1,115.46
C0124,2024-05,0,1,164.36
C0124,2024-05,1,1,143.86
C0124,2024-05,2,1,151.25
C0124,2024-05,3,1,153.41
C0124,2024-05,4,0,0.00
C0124,2024-05,5,0,0.00
C0125,2024-03,0,1,133.75
C0125,2024-03,1,1,147.32
C0125,2024-03,2,1,133.05
C0125,2024-03,3,0,0.00
C0125,2024-03,4,0,0.00
C0125,2024-03,5,0,0.00
C0126,2024-01,0,1,123.83
C0126,2024-01,1,1,121.80
C0126,2024-01,2,0,0.00
C0126,2024-01,3,1,134.79
C0126,2024-01,4,1,141.86
C0126,2024-01,5,1,132.11
C0127,2024-05,0,1,92.23
C0127,2024-05,1,1,83.47
C0127,2024-05,2,1,101.86
C0127,2024-05,3,1,69.94
C0127,2024-05,4,0,0.00
C0127,2024-05,5,1,92.36
C0128,2024-02,0,1,166.68
C0128,2024-02,1,1,178.50
C0128,2024-02,2,1,162.76
C0128,2024-02,3,1,169.68
C0128,2024-02,4,1,150.56
C0128,2024-02,5,1,161.06
C0129,2024-04,0,1,78.68
C0129,2024-04,1,0,0.00
C0129,2024-04,2,1,89.78
C0129,2024-04,3,1,88.32
C0129,2024-04,4,0,0.00
C0129,2024-04,5,0,0.00
C0130,2024-04,0,1,118.85
C0130,2024-04,1,1,131.75
C0130,2024-04,2,1,136.95
C0130,2024-04,3,1,147.77
C0130,2024-04,4,1,150.17
C0130,2024-04,5,0,0.00
C0131,2024-05,0,1,164.27
C0131,2024-05,1,1,146.02
C0131,2024-05,2,1,141.93
C0131,2024-05,3,1,106.58
C0131,2024-05,4,1,143.02
C0131,2024-05,5,1,121.88
C0132,2024-01,0,1,93.37
C0132,2024-01,1,1,82.57
C0132,2024-01,2,1,96.85
C0132,2024-01,3,1,86.99
C0132,2024-01,4,0,0.00
C0132,2024-01,5,0,0.00
C0133,2024-03,0,1,153.36
C0133,2024-03,1,1,186.90
C0133,2024-03,2,1,149.67
C0133,2024-03,3,1,196.02
C0133,2024-03,4,1,178.95
C0133,2024-03,5,1,210.15
C0134,2024-01,0,1,133.74
C0134,2024-01,1,1,152.55
C0134,2024-01,2,1,152.00
C0134,2024-01,3,1,150.86
C0134,2024-01,4,1,159.59
C0134,2024-01,5,0,0.00
C0135,2024-02,0,1,151.13
C0135,2024-02,1,1,187.54
C0135,2024-02,2,1,173.35
C0135,2024-02,3,1,196.30
C0135,2024-02,4,0,0.00
C0135,2024-02,5,0,0.00
C0136,2024-05,0,1,139.43
C0136,2024-05,1,1,147.56
C0136,2024-05,2,1,124.38
C0136,2024-05,3,0,0.00
C0136,2024-05,4,0,0.00
C0136,2024-05,5,0,0.00
C0137,2024-02,0,1,78.76
C0137,2024-02,1,1,86.84
C0137,2024-02,2,1,116.84
C0137,2024-02,3,1,116.09
C0137,2024-02,4,1,98.26
C0137,2024-02,5,0,0.00
C0138,2024-04,0,1,168.91
C0138,2024-04,1,1,193.71
C0138,2024-04,2,1,180.16
C0138,2024-04,3,1,181.68
C0138,2024-04,4,1,171.06
C0138,2024-04,5,1,195.10
C0139,2024-01,0,1,121.79
C0139,2024-01,1,1,117.80
C0139,2024-01,2,1,109.22
C0139,2024-01,3,0,0.00
C0139,2024-01,4,1,148.06
C0139,2024-01,5,0,0.00
C0140,2024-04,0,1,95.51
C0140,2024-04,1,1,91.74
C0140,2024-04,2,0,0.00
C0140,2024-04,3,1,83.80
C0140,2024-04,4,1,104.70
C0140,2024-04,5,1,86.99
C0141,2024-02,0,1,164.24
C0141,2024-02,1,1,128.23
C0141,2024-02,2,1,150.97
C0141,2024-02,3,0,0.00
C0141,2024-02,4,1,129.23
C0141,2024-02,5,0,0.00
C0142,2024-05,0,1,141.80
C0142,2024-05,1,1,111.09
C0142,2024-05,2,1,126.85
C0142,2024-05,3,1,93.39
C0142,2024-05,4,1,115.92
C0142,2024-05,5,1,102.37
C0143,2024-05,0,1,201.73
C0143,2024-05,1,1,173.04
C0143,2024-05,2,1,198.06
C0143,2024-05,3,1,218.09
C0143,2024-05,4,0,0.00
C0143,2024-05,5,1,219.04
C0144,2024-05,0,1,152.41
C0144,2024-05,1,1,159.65
C0144,2024-05,2,1,131.21
C0144,2024-05,3,1,138.65
C0144,2024-05,4,0,0.00
C0144,2024-05,5,1,161.35
C0145,2024-05,0,1,146.68
C0145,2024-05,1,1,120.16
C0145,2024-05,2,1,135.99
C0145,2024-05,3,1,134.31
C0145,2024-05,4,1,118.56
C0145,2024-05,5,1,100.65
C0146,2024-01,0,1,99.27
C0146,2024-01,1,1,108.85
C0146,2024-01,2,1,108.78
C0146,2024-01,3,1,141.87
C0146,2024-01,4,1,105.52
C0146,2024-01,5,1,107.47
C0147,2024-01,0,1,182.18
C0147,2024-01,1,1,177.48
C0147,2024-01,2,1,200.02
C0147,2024-01,3,0,0.00
C0147,2024-01,4,0,0.00
C0147,2024-01,5,1,231.19
C0148,2024-05,0,1,106.77
C0148,2024-05,1,1,96.15
C0148,2024-05,2,1,108.75
C0148,2024-05,3,1,101.90
C0148,2024-05,4,0,0.00
C0148,2024-05,5,1,90.47
C0149,2024-02,0,1,124.75
C0149,2024-02,1,1,157.48
C0149,2024-02,2,1,142.63
C0149,2024-02,3,0,0.00
C0149,2024-02,4,1,153.02
C0149,2024-02,5,1,142.93
C0150,2024-04,0,1,126.64
C0150,2024-04,1,1,160.98
C0150,2024-04,2,1,139.75
C0150,2024-04,3,1,137.09
C0150,2024-04,4,0,0.00
C0150,2024-04,5,0,0.00
C0151,2024-03,0,1,103.61
C0151,2024-03,1,1,92.88
C0151,2024-03,2,1,88.79
C0151,2024-03,3,1,72.78
C0151,2024-03,4,1,116.39
C0151,2024-03,5,1,95.58
C0152,2024-02,0,1,120.42
C0152,2024-02,1,1,137.80
C0152,2024-02,2,1,129.11
C0152,2024-02,3,1,110.26
C0152,2024-02,4,1,133.83
C0152,2024-02,5,0,0.00
C0153,2024-04,0,1,203.71
C0153,2024-04,1,1,211.06
C0153,2024-04,2,1,170.96
C0153,2024-04,3,1,191.99
C0153,2024-04,4,0,0.00
C0153,2024-04,5,1,202.17
C0154,2024-02,0,1,150.90
C0154,2024-02,1,1,145.90
C0154,2024-02,2,0,0.00
C0154,2024-02,3,1,151.18
C0154,2024-02,4,1,136.51
C0154,2024-02,5,1,128.87
C0155,2024-02,0,1,133.63
C0155,2024-02,1,1,192.24
C0155,2024-02,2,1,155.83
C0155,2024-02,3,1,205.07
C0155,2024-02,4,1,167.79
C0155,2024-02,5,1,180.08
C0156,2024-03,0,1,92.09
C0156,2024-03,1,1,101.01
C0156,2024-03,2,1,101.96
C0156,2024-03,3,1,100.55
C0156,2024-03,4,0,0.00
C0156,2024-03,5,1,93.58
C0157,2024-02,0,1,147.68
C0157,2024-02,1,1,147.93
C0157,2024-02,2,1,137.68
C0157,2024-02,3,1,138.72
C0157,2024-02,4,1,108.77
C0157,2024-02,5,1,144.42
C0158,2024-01,0,1,133.10
C0158,2024-01,1,1,157.70
C0158,2024-01,2,1,207.50
C0158,2024-01,3,0,0.00
C0158,2024-01,4,1,142.30
C0158,2024-01,5,0,0.00
C0159,2024-03,0,1,160.12
C0159,2024-03,1,1,149.55
C0159,2024-03,2,1,130.20
C0159,2024-03,3,1,144.32
C0159,2024-03,4,0,0.00
C0159,2024-03,5,1,106.01
C0160,2024-03,0,1,112.37
C0160,2024-03,1,1,124.20
C0160,2024-03,2,1,122.08
C0160,2024-03,3,1,119.79
C0160,2024-03,4,1,137.97
C0160,2024-03,5,0,0.00
C0161,2024-01,0,1,128.40
C0161,2024-01,1,1,129.23
C0161,2024-01,2,1,128.09
C0161,2024-01,3,0,0.00
C0161,2024-01,4,1,126.52
C0161,2024-01,5,0,0.00